id,category,T_K,D0,Q_J_mol,value,unit,ratio_to_baseline,material_or_state,qualification,source_anchor
Perkins1973,lattice_tracer,973.15,1.3e-05,264010.4,8.774877334868777e-20,m2/s,1.0,Fe-17wtCr-12wtNi surrogate,Within published temperature range; baseline; ORNL summary directly verified,ORNL-4870 printed p8; DOI 10.1007/BF02644255
Mizouchi2004,lattice_tracer,973.15,1.13e-07,234000,3.112992028621959e-20,m2/s,0.354761885531077,SUS316; coarse stress-relieved specimen,888-1173 K measured range; primary full text verified,p2946 section3.1 DOI 10.2320/matertrans.45.2945
Smith1975,lattice_tracer_provisional,973.15,6.3e-06,243000,5.706463199926919e-19,m2/s,6.503182873282017,Type316,50 K below 1023-1473 K; fit reproduced in WeckTable2; original full article not obtained,DOI 10.1179/030634575790444270; WeckTable2
Weck2024_pristine,AIMD_extrapolation_not_lattice_bound,973.15,6.7e-11,63000,2.7833200438842565e-14,m2/s,317191.9033926734,316 model pristine,973.15K extrapolation of rounded two-temperature fit1023-1123K; NOT measured700C,WeckTable2; methods pp2-4
Weck2024_four_vacancies,AIMD_extrapolation_not_lattice_bound,973.15,2.4e-09,35000,3.1739030399774394e-11,m2/s,361703408.36165124,316 model four_vacancies,973.15K extrapolation of rounded two-temperature fit1023-1123K; NOT measured700C,WeckTable2; methods pp2-4
Weck2024_Sigma3,AIMD_extrapolation_not_lattice_bound,973.15,1.7e-09,5000,9.163786882319841e-10,m2/s,10443207959.051065,316 model Sigma3,973.15K extrapolation of rounded two-temperature fit1023-1123K; NOT measured700C,WeckTable2; methods pp2-4
MizouchiGB_solution316,grain_boundary_fast_paths,973.15,1.02e-05,87500,2.051427654260757e-10,m2/s,2337841973.1395993,solution316,Extrapolated typeC fit518-698K; highT typeB checks for solution316/316L only; not polycrystal effectiveD,p2948 equations3-6
MizouchiGB_solution316L,grain_boundary_fast_paths,973.15,2.84e-05,90600,3.8938797055629544e-10,m2/s,4437531781.8857975,solution316L,Extrapolated typeC fit518-698K; highT typeB checks for solution316/316L only; not polycrystal effectiveD,p2948 equations3-6
MizouchiGB_sensitized316,grain_boundary_fast_paths,973.15,4.87e-06,85100,1.3176634117338538e-10,m2/s,1501631716.8307843,sensitized316,Extrapolated typeC fit518-698K; highT typeB checks for solution316/316L only; not polycrystal effectiveD,p2948 equations3-6
MizouchiGB_coldworked316,grain_boundary_fast_paths,973.15,3.06e-05,90500,4.247692756603696e-10,m2/s,4840743174.522357,coldworked316,Extrapolated typeC fit518-698K; highT typeB checks for solution316/316L only; not polycrystal effectiveD,p2948 equations3-6
PerkinsGB,GB_triple_product,973.15,3.5e-14,151000,2.7490018282426295e-22,m3/s,,Fe17Cr12Ni,Fit reproduced by Mizouchi; do not treat m3/s as m2/s,Mizouchip2945 citing Perkins
SmithGB,GB_triple_product,973.15,1.5e-12,191000,8.398596488756959e-23,m3/s,,Type316,Fit reproduced by Mizouchi; do not treat m3/s as m2/s,Mizouchip2945 citing Smith
Abouzari2012_fit,CALPHAD_quarantined,973.15,7.48e-05,278960,7.957610651588113e-20,m2/s,0.9068628936802242,316H,Table5.4 evaluated700C conflicts with Table5.3; not included in uncertainty bounds,printedp30 Table5.4
Zheng2015,corrosion_inferred_effective,973.15,,,4.2e-19,m2/s,4.786391694970409,316 in316capsule FLiBe700C,Fitted from weightloss; microstructure and corrosion assumptions included; not tracer,printedp112; Table11p144
Abouzari2012_table,CALPHAD_quarantined,973.15,,,8.682e-16,m2/s,9894.155403745975,316H,Table5.3 conflicts by ~1.09e4 with Table5.4 at700C; unresolved,printedp29 Table5.3
